id,xcenter,ycenter,aperture_sum,annulus_sum,RA,Dec,sky_per_pix_avg,sky_per_pix_med,sky_per_pix_std,fwhm_x,fwhm_y,width,aperture,aperture_area,annulus_inner,annulus_outer,annulus_area,exposure,date-obs,night,aperture_net_flux,BJD,mag_inst,airmass,filter,file,star_id,mag_error,noise,noise-aij,snr,mag_inst_cal,mag_inst_cal_error,a,b,c,d,z,mag_cat,color_cat,relative_flux,relative_flux_error,relative_flux_snr,comparison counts,comparison error
1,2056.931316470605,2045.934227343612,56596.11749649048,25380.96861344762,305.4585246042465,19.435805799620688,8.831234729800842,8.69663381576538,7.806532388077733,9.471553668443757,9.471553668443757,9.471553668443757,8.0,201.06192982974676,23.0,38.0,2874.5572780346606,120.0,2022-08-04T05:24:21.010,59794,54820.49239893724,2459795.7313423716,-7.0896323626804705,1.135,ip,TIC_402828941.01-S001-R001-C001-ip.fit,1,0.004315983027859976,326.88094080744963,217.92062720496642,251.5617410892248,12.466279953509945,0.0042677394197472825,-0.011177895696363375,-9.999999999969777e-07,-0.027350589626646046,9.999999999999997e-07,19.474664113416377,12.623000144958496,-0.07499980926513672,0.0017547863233838218,6.982229031698595e-06,251.3217935729799,31240551.438322578,5427.9493491673475
1,2057.871919465692,2046.596958296344,56798.59062576294,26083.01446582703,305.45852454465637,19.43581921039725,9.072352857678966,8.956710815429688,7.5705796692444345,8.940218396757311,8.940218396757311,8.940218396757311,8.0,201.06192982974676,23.0,38.0,2874.5572780346606,120.0,2022-08-04T05:26:58.978,59794,54974.485852101585,2459795.733170709,-7.092677973321205,1.133,ip,TIC_402828941.01-S001-R002-C001-ip.fit,1,0.004310107744405185,327.35293728530905,218.23529152353936,251.9046551468139,12.489119912616346,0.004260075169757269,-0.011608195807369479,-9.999999088403181e-07,-0.027588784275463196,9.999999999966762e-07,19.49744583808577,12.623000144958496,-0.07499980926513672,0.001716007083354017,6.81845153807745e-06,251.67108305617833,32036281.426444557,5480.440433624521
1,2057.885501378846,2045.83996565311,56100.09514427185,27639.445298022125,305.458520745572,19.435818045985425,9.623762290397675,9.4731125831604,7.613439421074347,9.051307906366244,9.051307906366244,9.051307906366244,8.0,201.06192982974676,23.0,38.0,2874.5572780346606,120.0,2022-08-04T05:29:37.770,59794,54165.12292594175,2459795.7350085843,-7.076574365271347,1.132,ip,TIC_402828941.01-S001-R003-C001-ip.fit,1,0.004353312004065191,325.7665334580543,217.1776889720362,249.4046381206131,12.503537977054673,0.004307444484283521,-0.010536235339630638,-9.999999999989695e-07,-0.026859574136631554,9.999999999999997e-07,19.503587498858813,12.623000144958496,-0.07499980926513672,0.0016945759691413724,6.800692250943313e-06,249.17698178539405,31963820.986666515,5479.667986422221
1,2061.8275145491807,2048.0042153189183,55398.66041183472,28327.55120008439,305.4585070482877,19.435810897177348,9.873667201144785,9.755653381347656,7.623133059363562,8.98097950503369,8.98097950503369,8.98097950503369,8.0,201.06192982974676,23.0,38.0,2874.5572780346606,120.0,2022-08-04T05:32:22.070,59794,53413.44182987587,2459795.736910209,-7.061401441848626,1.131,ip,TIC_402828941.01-S001-R004-C001-ip.fit,1,0.004392747443300829,324.15575572901446,216.1038371526763,247.16563358446768,12.50964508548282,0.0043410424041724315,-0.011770546746831678,-9.999999783850752e-07,-0.028363374890757655,9.999999999994352e-07,19.48585258169661,12.623000144958496,-0.07499980926513672,0.0016822023442492433,6.812137654715128e-06,246.94191889749624,31752090.949388117,5469.497401053464
1,2062.6755819548475,2047.812135927276,55335.77063369751,29458.31231309696,305.4585164255419,19.43582639343834,10.242806784804229,10.211524486541748,7.731874510557925,8.887921302575664,8.887921302575664,8.887921302575664,8.0,201.06192982974676,23.0,38.0,2874.5572780346606,120.0,2022-08-04T05:35:06.040,59794,53276.332134671546,2459795.7388080144,-7.0586108268435055,1.13,ip,TIC_402828941.01-S001-R005-C001-ip.fit,1,0.004402238336665253,324.0222312014023,216.01482080093487,246.63276314622658,12.522633227499831,0.004352858591659388,-0.011216963105925418,-9.99999999995763e-07,-0.028077351745254206,9.999999999999997e-07,19.500011899470216,12.623000144958496,-0.07499980926513672,0.0016645740224676716,6.7552296239248945e-06,246.41264844236753,32005985.56481813,5486.374232609456
1,2064.9953237310656,2047.669176633197,52903.274061203,27828.254098534584,305.4584969054867,19.43582569599941,9.676027155262373,9.605173110961914,7.6941505446755745,9.398554734842172,9.398554734842172,9.398554734842172,8.0,201.06192982974676,23.0,38.0,2874.5572780346606,120.0,2022-08-04T05:37:49.570,59794,50957.793368280916,2459795.7407007273,-7.010301566085228,1.129,ip,TIC_402828941.01-S001-R006-C001-ip.fit,1,0.004521586434527682,318.3232715733427,212.21551438222846,240.12284642158218,12.534102542317441,0.004458907202121275,-0.013862221437983893,-9.999999619976315e-07,-0.031019949097361183,9.999999999999597e-07,19.44494840432307,12.623000144958496,-0.07499980926513672,0.0016456259314928357,6.859318524132837e-06,239.91099490468372,30965599.406940777,5420.602651170478
1,2061.5330428628986,2046.2516255215544,53398.19859409332,27335.01275051385,305.45851556823345,19.435815844492108,9.53103652388907,9.442790031433105,7.773459999897216,9.310196343544183,9.310196343544183,9.310196343544183,8.0,201.06192982974676,23.0,38.0,2874.5572780346606,120.0,2022-08-04T05:40:39.030,59794,51481.869997322385,2459795.7426620745,-7.021410816463894,1.128,ip,TIC_402828941.01-S001-R007-C001-ip.fit,1,0.004491855207060839,319.4824462218727,212.98829748124845,241.71220018252345,12.525203117768363,0.004425560499610065,-0.014758870087033034,-9.999999682351978e-07,-0.03229825649106278,9.999999999998217e-07,19.44061277571604,12.623000144958496,-0.07499980926513672,0.001658722705101355,6.868507767662477e-06,241.49680850777568,31037056.307839364,5424.410208457401
1,2065.059624768537,2047.6106095388056,52979.40674495697,27663.682815960296,305.4584885560768,19.435831722691315,9.602111355765462,9.480473518371582,7.648303459967842,9.074475901185004,9.074475901185004,9.074475901185004,8.0,201.06192982974676,23.0,38.0,2874.5572780346606,120.0,2022-08-04T05:43:17.370,59794,51048.78770532664,2459795.744494718,-7.012238615074107,1.128,ip,TIC_402828941.01-S001-R008-C001-ip.fit,1,0.004516034676522486,318.5001491292582,212.3334327528388,240.4180398889357,12.53586148833519,0.004470409571284363,-0.010102912954879133,-9.999999999975124e-07,-0.023110405411032754,9.999999999999997e-07,19.475571956982485,12.623000144958496,-0.07499980926513672,0.0016384332037414004,6.820922440574291e-06,240.2069834418835,31157075.911764696,5433.835810839985
1,2060.146868020528,2045.2849621644152,54580.516607284546,28675.7139502911,305.4584947923911,19.435824179322264,9.956845121628854,9.75793743133545,7.895738410212046,8.442209748510082,8.442209748510082,8.442209748510082,8.0,201.06192982974676,23.0,38.0,2874.5572780346606,120.0,2022-08-04T05:45:55.740,59794,52578.57411211395,2459795.7463277085,-7.0442970430682195,1.127,ip,TIC_402828941.01-S001-R009-C001-ip.fit,1,0.004436399307486904,322.25997720085866,214.83998480057244,244.7336521687087,12.541309389736899,0.004391472170943841,-0.010126937056193927,-9.999999999944964e-07,-0.0291275492262523,9.999999999999997e-07,19.512134335785426,12.623000144958496,-0.07499980926513672,0.0016378710077556416,6.698329135557824e-06,244.519338272147,32101779.60483094,5493.057136513906
1,2060.51284170067,2044.2439463914443,54318.55807304382,27276.198906342885,305.4585049497133,19.435819598223176,9.50721467631331,9.45467758178711,7.77686640345526,8.337229718637616,8.337229718637616,8.337229718637616,8.0,201.06192982974676,23.0,38.0,2874.5572780346606,120.0,2022-08-04T05:48:33.609,59794,52407.01914291858,2459795.7481549,-7.040748677979734,1.127,ip,TIC_402828941.01-S001-R010-C001-ip.fit,1,0.004442289917129278,321.63499520409056,214.42333013606037,244.40912800703256,12.544427755549613,0.004411296680115892,-0.006976860491225066,-9.999999689311074e-07,-0.020965547125962953,9.999999999990273e-07,19.534531266791713,12.623000144958496,-0.07499980926513672,0.0016296669633518634,6.673595808780281e-06,244.19623394149102,32158115.93500611,5495.346802277735
1,2056.635302839828,2048.7953413699483,53179.09552383423,27428.119948512373,305.45850738902544,19.435817503374373,9.540215634265174,9.401349067687988,7.7475715807058485,8.663312595934384,8.663312595934384,8.663312595934384,8.0,201.06192982974676,23.0,38.0,2874.5572780346606,120.0,2022-08-04T05:51:23.350,59794,51260.92135741695,2459795.7501194994,-7.016741052203423,1.126,ip,TIC_402828941.01-S001-R011-C001-ip.fit,1,0.004503951877350016,318.9679803241382,212.64532021609213,241.06301189852252,12.545956044253046,0.004455428592313233,-0.010773491004822298,-9.9999991469138e-07,-0.028667198248093828,9.999999999998075e-07,19.485001494341258,12.623000144958496,-0.07499980926513672,0.0016304435019238465,6.769462767452274e-06,240.85271725890195,31439863.63031376,5451.276073677108
1,2061.858133916872,2049.924304478455,53477.94253540039,28676.406524663245,305.4585069547627,19.435823844949063,9.991779276886149,9.813080310821533,7.720092366978353,8.541212940209421,8.541212940209421,8.541212940209421,8.0,201.06192982974676,23.0,38.0,2874.5572780346606,120.0,2022-08-04T05:54:01.429,59794,51468.97611155679,2459795.7519491217,-7.0211388544704185,1.126,ip,TIC_402828941.01-S001-R012-C001-ip.fit,1,0.0044958262022096645,319.6847959075478,213.12319727169856,241.49870483569154,12.548283236129489,0.0044473718642593476,-0.010777627019145565,-9.999999151893904e-07,-0.02901431225446424,9.999999999996768e-07,19.491624097746577,12.623000144958496,-0.07499980926513672,0.0016243228512510053,6.731848670463108e-06,241.28926997095766,31686420.019220263,5467.9315810227135
1,2065.6149639865775,2050.1469578708716,53188.394141197205,28438.700915165944,305.4585016356881,19.43581760114435,9.879406082500216,9.539202690124512,7.552006140431087,8.699936868596897,8.699936868596897,8.699936868596897,8.0,201.06192982974676,23.0,38.0,2874.5572780346606,120.0,2022-08-04T05:56:45.118,59794,51202.021688677974,2459795.7538436744,-7.015492805609272,1.126,ip,TIC_402828941.01-S001-R013-C001-ip.fit,1,0.004509600568378876,319.0010589764892,212.6673726509928,240.7610582216827,12.545456030265198,0.004459562387896109,-0.011095922959038298,-9.999999238718402e-07,-0.02967752737915212,9.999999999999307e-07,19.480928870895063,12.623000144958496,-0.07499980926513672,0.0016314214908721611,6.782025632627981e-06,240.5507704104619,31384913.080497224,5451.904658086404
1,2060.748341596273,2047.8839326302943,54015.37856864929,30100.99335375987,305.45850211939853,19.435830876177235,10.47355370694498,10.417604446411133,7.759600456793308,8.488742668940484,8.488742668940484,8.488742668940484,8.0,201.06192982974676,23.0,38.0,2874.5572780346606,120.0,2022-08-04T05:59:23.780,59794,51909.545648155436,2459795.7556800446,-7.030393101569389,1.126,ip,TIC_402828941.01-S001-R014-C001-ip.fit,1,0.004475436552359811,320.95900957380115,213.97267304920078,242.59894924161358,12.550359996672121,0.004432980545856769,-0.009486450317490444,-9.999999999994422e-07,-0.030548129863889113,9.999999999999997e-07,19.511817940348262,12.623000144958496,-0.07499980926513672,0.0016261412941503573,6.708832023903069e-06,242.38813676606253,31921915.909083202,5489.109757566195
1,2060.6841600258795,2046.9417888120104,54142.60882759094,29749.225313784555,305.4585049795662,19.435832561158573,10.295916740434365,10.223447799682617,7.925086649169521,8.201222389159978,8.201222389159978,8.201222389159978,8.0,201.06192982974676,23.0,38.0,2874.5572780346606,120.0,2022-08-04T06:02:08.230,59794,52072.49193839281,2459795.7575834054,-7.033795936052446,1.126,ip,TIC_402828941.01-S001-R015-C001-ip.fit,1,0.004465481576520415,321.25034468349656,214.16689645566439,243.13977930371965,12.556394655247239,0.004424852472576254,-0.009098482044532397,-9.999999999950294e-07,-0.030733127934384385,9.999999999999997e-07,19.523938215262216,12.623000144958496,-0.07499980926513672,0.001617175385289308,6.656954993794738e-06,242.9301965833859,32199656.519677483,5502.256773922839
1,2061.2768447004637,2045.870058636011,53652.21898651123,30354.772471554577,305.45849091428556,19.43582581566417,10.547175980387275,10.44880485534668,7.758611863587997,8.502152318486043,8.502152318486043,8.502152318486043,8.0,201.06192982974676,23.0,38.0,2874.5572780346606,120.0,2022-08-04T06:04:46.158,59794,51531.58342964061,2459795.75941128,-7.022458750995265,1.126,ip,TIC_402828941.01-S001-R016-C001-ip.fit,1,0.00449636045281605,320.11169850050305,213.40779900033536,241.47001033246974,12.558387907184375,0.004459768992262506,-0.008138017611694474,-9.999999999913081e-07,-0.030765866125673478,9.999999999999997e-07,19.521439640387925,12.623000144958496,-0.07499980926513672,0.0016174251228539605,6.704035423685205e-06,241.26142250675383,31860259.06331459,5487.764751759639
1,2061.194203084605,2044.5950138635646,53239.28078842163,32360.613149065524,305.45850003847636,19.43582924049995,11.271547596330729,10.849600791931152,7.887030169898178,8.788061767715943,8.788061767715943,8.788061767715943,8.0,201.06192982974676,23.0,38.0,2874.5572780346606,120.0,2022-08-04T06:07:24.428,59794,50973.00167653553,2459795.7612431124,-7.010625554748327,1.127,ip,TIC_402828941.01-S001-R017-C001-ip.fit,1,0.0045322139695743195,319.16668506443915,212.77779004295942,239.5597851930137,12.546395615476552,0.004499436356695195,-0.007232141531526769,-9.999999999956263e-07,-0.023721662912398068,9.999999999999997e-07,19.50458935705148,12.623000144958496,-0.07499980926513672,0.0016272336267221204,6.798519190825188e-06,239.3511853166676,31324943.658652708,5460.409544988437
1,2058.2409122173094,2047.257565261089,53044.70128059387,32978.93719810938,305.4584920585918,19.435826337624007,11.474925956196724,11.403806209564209,7.750012597189064,8.866216142340562,8.866216142340562,8.866216142340562,8.0,201.06192982974676,23.0,38.0,2874.5572780346606,120.0,2022-08-04T06:10:08.830,59794,50737.53052318751,2459795.7631459176,-7.005598346501661,1.127,ip,TIC_402828941.01-S001-R018-C001-ip.fit,1,0.004546816203390491,318.7158512912194,212.47723419414626,238.79043190494113,12.546285069824773,0.00449634376021895,-0.011100612145682113,-9.999999999989757e-07,-0.031927198589221814,9.999999999999997e-07,19.471771525300564,12.623000144958496,-0.07499980926513672,0.001628926676706834,6.827530790220067e-06,238.58210629238772,31147829.579267792,5452.215963759504
1,2058.9121396558094,2046.2828059706826,52679.81277370453,32136.109880348668,305.4585005115197,19.435818159351438,11.166125740218439,10.96699571609497,7.777786897257172,8.648910414206924,8.648910414206924,8.648910414206924,8.0,201.06192982974676,23.0,38.0,2874.5572780346606,120.0,2022-08-04T06:12:47.039,59794,50434.7299836546,2459795.7649770444,-6.999099282655808,1.128,ip,TIC_402828941.01-S001-R019-C001-ip.fit,1,0.004561627581872577,317.8457911575327,211.89719410502178,238.0150912175733,12.5580320554904,0.004510997097448721,-0.011099214812067605,-9.999999999920597e-07,-0.03197891201911387,9.999999999999997e-07,19.477097401040986,12.623000144958496,-0.07499980926513672,0.0016118065892830275,6.7777005944708704e-06,237.81023767823427,31290807.66823844,5457.921012205634
1,2059.880121131112,2046.0212741615758,51630.928577423096,33805.334261782235,305.45850691595297,19.435824389448573,11.79118739511065,11.702017784118652,7.838261673567069,9.403798065226884,9.403798065226884,9.403798065226884,8.0,201.06192982974676,23.0,38.0,2874.5572780346606,120.0,2022-08-04T06:15:25.879,59794,49260.16968477796,2459795.7668154743,-6.9735147912816995,1.128,ip,TIC_402828941.01-S001-R020-C001-ip.fit,1,0.004634192407815057,315.38200067788955,210.25466711859303,234.28811526449027,12.551270000637176,0.004577424974216294,-0.01224969284897005,-9.99999999999246e-07,-0.03177182131927326,9.999999999999997e-07,19.43702712138907,12.623000144958496,-0.07499980926513672,0.0016211802894577512,6.925614015422253e-06,234.0847014932738,30385374.16542018,5407.8833489127555
1,2065.2601762712543,2047.2434233567917,50575.56917190552,35313.655692485394,305.4584853496805,19.43581945036085,12.283010675647093,12.133501052856445,7.749950380086663,9.751134309588233,9.751134309588233,9.751134309588233,8.0,201.06192982974676,23.0,38.0,2874.5572780346606,120.0,2022-08-04T06:18:10.538,59794,48105.92334134053,2459795.768721254,-6.947771419716475,1.129,ip,TIC_402828941.01-S001-R021-C001-ip.fit,1,0.0047077201755290855,312.8787980453563,208.58586536357086,230.62887438461178,12.531138912206647,0.0046559252677704265,-0.011002121160023689,-9.999999999984526e-07,-0.027846544565465536,9.999999999999997e-07,19.40042988935551,12.623000144958496,-0.07499980926513672,0.0016498576458286879,7.160111260667208e-06,230.42346491064825,29157620.63652344,5339.456454834521
1,2062.297778923351,2044.950385099001,51943.54100036621,32716.061145462096,305.4584974419525,19.43582882709418,11.363689178694719,11.156927108764648,7.881981968629187,9.070380499051005,9.070380499051005,9.070380499051005,8.0,201.06192982974676,23.0,38.0,2874.5572780346606,120.0,2022-08-04T06:20:49.530,59794,49658.73572411244,2459795.770561443,-6.982264178851294,1.13,ip,TIC_402828941.01-S001-R022-C001-ip.fit,1,0.004607613235301859,316.1102764885386,210.7401843256924,235.63961416758758,12.546555624895566,0.004556980267648978,-0.01098897955777825,-9.999999999979023e-07,-0.033491188078216313,9.999999999999997e-07,19.449628759176285,12.623000144958496,-0.07499980926513672,0.0016321995999093674,6.93275232688153e-06,235.43313289594445,30424425.864869643,5408.67429815877
1,2062.872746585067,2043.6526633343087,51732.32152843475,34058.478289174,305.45850396712177,19.4358353120191,11.829968144902399,11.773863792419434,7.71665043344129,8.956117507803294,8.956117507803294,8.956117507803294,8.0,201.06192982974676,23.0,38.0,2874.5572780346606,120.0,2022-08-04T06:23:32.950,59794,49353.76530339625,2459795.7724528825,-6.975575761311267,1.131,ip,TIC_402828941.01-S001-R023-C001-ip.fit,1,0.004628957940254793,315.62432393413775,210.41621595609183,234.55305038702457,12.548921828319154,0.004586943224814502,-0.009076495397575081,-9.999999999935576e-07,-0.025210717916812238,9.999999999999997e-07,19.45934166233901,12.623000144958496,-0.07499980926513672,0.0016181928186912995,6.905030991065731e-06,234.349827073194,30499310.54774468,5416.422239327592
1,2059.9997505054707,2048.1751929787415,51175.93589401245,36617.770790260285,305.4584958636248,19.435819025026134,12.750540017971181,12.492537021636963,7.821353365721778,9.249341756632322,9.249341756632322,9.249341756632322,8.0,201.06192982974676,23.0,38.0,2874.5572780346606,120.0,2022-08-04T06:26:16.300,59794,48612.28771162775,2459795.7743435116,-6.959140181542516,1.132,ip,TIC_402828941.01-S001-R024-C001-ip.fit,1,0.004680295636392308,314.3303276670858,209.5535517780572,231.9802613659066,12.54852446614931,0.004642768122925493,-0.00801819294811507,-9.99999936503433e-07,-0.024084143319420995,9.99999999999911e-07,19.450107036780192,12.623000144958496,-0.07499980926513672,0.0016236737075781323,7.005292938989159e-06,231.77813143848672,29939690.151254416,5391.194644080312
1,2059.714746084916,2046.7533397292596,51312.9210357666,37382.573458363186,305.45851082409814,19.435836169873742,12.983170250495126,12.812411308288574,7.94840279680479,9.279224709077658,9.279224709077658,9.279224709077658,8.0,201.06192982974676,23.0,38.0,2874.5572780346606,120.0,2022-08-04T06:28:54.270,59794,48702.4997698939,2459795.776171872,-6.961153164941175,1.134,ip,TIC_402828941.01-S001-R025-C001-ip.fit,1,0.0046765973491824766,314.6648056962133,209.77653713080886,232.1637130444423,12.55430059223732,0.004623946916802304,-0.011258277856522564,-9.99999999999077e-07,-0.03351782577073611,9.999999999999997e-07,19.434617782124175,12.623000144958496,-0.07499980926513672,0.0016187340808241318,6.9784361492022026e-06,231.96229731344476,30086782.224970777,5401.677449543162
1,2063.3080261727255,2047.382129734279,50280.08526420593,38387.318518314205,305.45848547000736,19.435816877734645,13.375372306032824,13.188424587249756,7.90456131961791,9.599125864279673,9.599125864279673,9.599125864279673,8.0,201.06192982974676,23.0,38.0,2874.5572780346606,120.0,2022-08-04T06:31:33.228,59794,47590.807096163626,2459795.778011667,-6.936082707757105,1.135,ip,TIC_402828941.01-S001-R026-C001-ip.fit,1,0.004748452169748789,312.20659794043746,208.13773196029163,228.65055099785062,12.549596479267564,0.0047051389298552035,-0.00912154915859185,-9.999999999995415e-07,-0.02419380673316756,9.999999999999997e-07,19.42064494032661,12.623000144958496,-0.07499980926513672,0.001619719015397019,7.089989142901664e-06,228.45155087700593,29382137.669414442,5364.760093703371
1,2062.9137794397875,2047.0346559825668,49503.472396850586,36751.73984570429,305.4585043792812,19.435820762420754,12.832311398639765,12.827023029327393,7.909088757611369,9.921368021794603,9.921368021794603,9.921368021794603,8.0,201.06192982974676,23.0,38.0,2874.5572780346606,120.0,2022-08-04T06:34:17.588,59794,46923.383102863816,2459795.779913986,-6.920748323840849,1.137,ip,TIC_402828941.01-S001-R027-C001-ip.fit,1,0.004786843032209332,310.31690997211354,206.877939981409,226.81675536347936,12.538059651795061,0.00472194150316334,-0.013558315701870188,-9.999999999998564e-07,-0.026152955836539694,9.999999999999997e-07,19.363060709477008,12.623000144958496,-0.07499980926513672,0.0016302871983061025,7.193994020238019e-06,226.61781393198368,28782280.29491862,5318.338206636561
1,2067.161558328773,2046.9052617200864,51558.73675727844,38505.731961159036,305.4584848064755,19.43583093185256,13.4119581891881,13.040989875793457,7.942714483722109,9.275823749763441,9.275823749763441,9.275823749763441,8.0,201.06192982974676,23.0,38.0,2874.5572780346606,120.0,2022-08-04T06:37:02.540,59794,48862.102560964406,2459795.781823157,-6.9647054098964425,1.138,ip,TIC_402828941.01-S001-R028-C001-ip.fit,1,0.00467020547625903,315.2645061169527,210.1763374113018,232.48146372131492,12.547130838365867,0.004613006390936825,-0.012247659254603674,-9.999999656743455e-07,-0.035266138509833324,9.999999999998869e-07,19.423938457304413,12.623000144958496,-0.07499980926513672,0.001626506110766878,7.002398897345734e-06,232.2784140994034,30041142.93670038,5404.2405920855845
1,2060.174723002049,2044.334165399703,51125.824113845825,39544.79004878178,305.45848610610227,19.435816616598203,13.749926998881008,13.567602634429932,7.764594869571996,9.316933444331665,9.316933444331665,9.316933444331665,8.0,201.06192982974676,23.0,38.0,2874.5572780346606,120.0,2022-08-04T06:39:52.728,59794,48361.23725643267,2459795.7837929293,-6.953518540430349,1.14,ip,TIC_402828941.01-S001-R029-C001-ip.fit,1,0.004703303919604981,314.2442828621427,209.49618857476182,230.8454277160954,12.556351201334802,0.004666695875921744,-0.007783473981054639,-9.999999412566212e-07,-0.025608684494359116,9.999999999999313e-07,19.453874910399016,12.623000144958496,-0.07499980926513672,0.001612399515707046,6.9907974719848315e-06,230.64600600555696,29993334.025051482,5404.127279675015
1,2064.5982303145806,2045.2002450688913,49407.07671165466,38223.72425936535,305.45850490666317,19.43581813510832,13.309096190586821,13.045616149902344,7.991793658867761,9.88779855994795,9.88779855994795,9.88779855994795,8.0,201.06192982974676,23.0,38.0,2874.5572780346606,120.0,2022-08-04T06:42:31.190,59794,46731.12414728555,2459795.7856269837,-6.916290603478678,1.142,ip,TIC_402828941.01-S001-R030-C001-ip.fit,1,0.004803178058383207,310.1000626775041,206.73337511833608,226.04537908083893,12.552645933427605,0.004746832300047944,-0.01173093265549869,-9.999999812447796e-07,-0.02646739226620845,9.999999999999589e-07,19.385864777719988,12.623000144958496,-0.07499980926513672,0.0016144562449836718,7.148375385742812e-06,225.84939344450893,28945426.234055772,5335.758533066933
1,2059.7519572808596,2047.885536402845,50457.31351852417,39175.24960317649,305.4585139125674,19.435822793127688,13.630914962831069,13.422407627105713,7.710576816573629,9.525570352537487,9.525570352537487,9.525570352537487,8.0,201.06192982974676,23.0,38.0,2874.5572780346606,120.0,2022-08-04T06:45:14.849,59794,47716.65545075219,2459795.787521189,-6.938950021410156,1.144,ip,TIC_402828941.01-S001-R031-C001-ip.fit,1,0.004742513194011077,312.64067690725045,208.42711793816696,228.93688653751883,12.553439498099637,0.0047169590872917595,-0.005388304823608689,-9.999999175669695e-07,-0.014586277790944676,9.99999999999981e-07,19.453954516986553,12.623000144958496,-0.07499980926513672,0.0016076620948959552,7.028350325658665e-06,228.73960750459494,29680774.08943346,5385.646557312787
1,2057.9975492224867,2046.8890124674613,49665.7426071167,38686.17122340215,305.4585029383957,19.43582987339139,13.498315151221963,13.48456859588623,7.711616420666916,9.61575064631428,9.61575064631428,9.61575064631428,8.0,201.06192982974676,23.0,38.0,2874.5572780346606,120.0,2022-08-04T06:47:53.020,59794,46951.7453133619,2459795.789351876,-6.92140438429565,1.146,ip,TIC_402828941.01-S001-R032-C001-ip.fit,1,0.0047903422582907,310.7314584877915,207.15430565852765,226.65107135526776,12.560187298152803,0.004733493746657529,-0.011867317316373862,-9.999999999999498e-07,-0.03303986982844373,9.999999999999997e-07,19.397023096381808,12.623000144958496,-0.07499980926513672,0.0016064477824729632,7.093874040570181e-06,226.45563951172758,29227059.743631665,5358.486268545002
1,2059.505028565328,2045.738717201484,51607.8935508728,41304.74810030591,305.45851704293074,19.435822886538297,14.427086308175308,14.278749465942383,8.081577804177558,9.511707092185484,9.511707092185484,9.511707092185484,8.0,201.06192982974676,23.0,38.0,2874.5572780346606,120.0,2022-08-04T06:50:31.838,59794,48707.155735930755,2459795.7911900505,-6.9612569565185485,1.148,ip,TIC_402828941.01-S001-R033-C001-ip.fit,1,0.0046873043052889874,315.4153740034065,210.276916002271,231.63339401175506,12.54964418711407,0.004636260882178598,-0.010889718223072015,-9.999999618997772e-07,-0.03283469985734554,9.999999999999277e-07,19.43268087396962,12.623000144958496,-0.07499980926513672,0.0016256972734891865,7.024542259869181e-06,231.43106174714111,29960778.3873513,5409.829379522038
1,2061.8472243356614,2045.329399074291,50612.20928764343,42737.96878549643,305.4585115685658,19.43581167665317,14.84472691403141,14.540862083435059,8.04531459704494,9.79582563079707,9.79582563079707,9.79582563079707,8.0,201.06192982974676,23.0,38.0,2874.5572780346606,120.0,2022-08-04T06:53:09.849,59794,47627.4998465127,2459795.7930188854,-6.936919493261014,1.151,ip,TIC_402828941.01-S001-R034-C001-ip.fit,1,0.00475765625332655,313.0529378566737,208.7019585711158,228.20820740061956,12.547744211889293,0.004711508561556816,-0.009699669188472126,-9.999999710904055e-07,-0.025217160440684377,9.999999999999517e-07,19.415534713833644,12.623000144958496,-0.07499980926513672,0.0016221053581305918,7.114215946838238e-06,228.00901325626782,29361532.904004082,5379.223285013506
1,2065.497222123561,2045.7042706726033,50848.90717124939,42608.219541832805,305.45851943192014,19.435827196346317,14.877171627734917,14.524158477783203,7.965221026308947,9.622075149967959,9.622075149967959,9.622075149967959,8.0,201.06192982974676,23.0,38.0,2874.5572780346606,120.0,2022-08-04T06:55:48.579,59794,47857.67433336865,2459795.7948560417,-6.942154007624174,1.153,ip,TIC_402828941.01-S001-R035-C001-ip.fit,1,0.004743359438835434,313.6205878893435,209.080391926229,228.89604277312884,12.556442823117882,0.004692761711871976,-0.010667065740200545,-9.999999688165358e-07,-0.03142941986980346,9.999999999999432e-07,19.422235404953337,12.623000144958496,-0.07499980926513672,0.0016147915882408135,7.060817716514271e-06,228.69753236428133,29637059.470631607,5395.937981581157
1,2065.5413484337023,2050.1099525200334,49662.30083847046,45390.807063428685,305.45851019297794,19.435816423037842,15.777131408908128,15.466658592224121,8.18602931699866,9.902571563240867,9.902571563240867,9.902571563240867,8.0,201.06192982974676,23.0,38.0,2874.5572780346606,120.0,2022-08-04T06:58:31.940,59794,46490.12035021788,2459795.796746798,-6.910676708655847,1.156,ip,TIC_402828941.01-S001-R036-C001-ip.fit,1,0.004838982971128257,310.80049601054924,207.20033067369948,224.37280963335354,12.56355944254299,0.00477541248828445,-0.013137157791854098,-9.999999858562904e-07,-0.030588570967994336,9.999999999999388e-07,19.38120311574589,12.623000144958496,-0.07499980926513672,0.0016033619639063607,7.1521255647264905e-06,224.17978395317448,28995399.290221028,5363.850353897269
1,2061.6230003268156,2047.1994230704975,50179.048318862915,45485.14218699932,305.458516130657,19.43581917726032,15.82091902156498,15.481937408447266,7.973390046149057,9.931059541038882,9.931059541038882,9.931059541038882,8.0,201.06192982974676,23.0,38.0,2874.5572780346606,120.0,2022-08-04T07:01:09.689,59794,46998.06380870691,2459795.7985726,-6.922474948927776,1.158,ip,TIC_402828941.01-S001-R037-C001-ip.fit,1,0.004805873715962634,312.04646006909104,208.03097337939403,225.91858820462636,12.561998641365754,0.004761327243129056,-0.009269172572225181,-9.999999999995635e-07,-0.022769070295511416,9.999999999999997e-07,19.41864821441626,12.623000144958496,-0.07499980926513672,0.0015969247949460695,7.074638120057624e-06,225.72529758356916,29430355.115936503,5392.20954924952
1,2061.5876514556167,2045.666765303637,50582.22981071472,45140.943158682436,305.45852018223553,19.43582856614826,15.734033864999105,15.446995735168457,8.29893854552557,9.884074022481144,9.884074022481144,9.884074022481144,8.0,201.06192982974676,23.0,38.0,2874.5572780346606,120.0,2022-08-04T07:03:48.509,59794,47418.71459781141,2459795.800410798,-6.932149475444431,1.161,ip,TIC_402828941.01-S001-R038-C001-ip.fit,1,0.004777965251583477,313.01107430109664,208.67404953406444,227.2381961422121,12.552847140550655,0.004724348073061336,-0.01122175982848999,-9.99999999998882e-07,-0.03312300607822757,9.999999999999997e-07,19.40476952940908,12.623000144958496,-0.07499980926513672,0.0016199250902245652,7.134972062086136e-06,227.0401448146566,29272165.042667437,5381.715697576881
1,2060.08559494767,2043.897424484317,51359.70211791992,46529.12802578509,305.4584914158251,19.435833248542664,16.22920405503491,15.938239097595215,7.949639354987103,9.614618900530044,9.614618900530044,9.614618900530044,8.0,201.06192982974676,23.0,38.0,2874.5572780346606,120.0,2022-08-04T07:06:26.629,59794,48096.62703101385,2459795.802240894,-6.947561584515959,1.164,ip,TIC_402828941.01-S001-R039-C001-ip.fit,1,0.004738822748081328,314.8850373105387,209.92335820702579,229.1151753754868,12.550638170889655,0.004713090549997819,-0.005430082417395312,-9.99999903173276e-07,-0.01601562448670564,9.999999999999978e-07,19.459321017633677,12.623000144958496,-0.07499980926513672,0.0016126723470658117,7.044797367803262e-06,228.9167825374489,29824177.935786895,5420.606461887683
1,2055.878035289688,2047.2706310632452,49937.31573295593,48097.573999824395,305.4585060750615,19.435818318872393,16.717961070498575,16.63433074951172,7.997199089184555,10.078657190815266,10.078657190815266,10.078657190815266,8.0,201.06192982974676,23.0,38.0,2874.5572780346606,120.0,2022-08-04T07:09:10.990,59794,46575.97021730291,2459795.804143224,-6.912679808490344,1.167,ip,TIC_402828941.01-S001-R040-C001-ip.fit,1,0.004840861293724354,311.4952928772417,207.6635285848278,224.28574981223647,12.556013240218737,0.004789695047805371,-0.010569657508120412,-9.999999999986134e-07,-0.02292397917566717,9.999999999999997e-07,19.3939568760713,12.623000144958496,-0.07499980926513672,0.0016014209439814049,7.146235127556901e-06,224.09295459732323,29084152.04156574,5380.184099933573
1,2061.210697893623,2048.0436211969286,49133.369245529175,47043.87508068606,305.4584971234823,19.435821387793737,16.38588473726439,16.176877975463867,8.004985875045872,10.34891718773562,10.34891718773562,10.34891718773562,8.0,201.06192982974676,23.0,38.0,2874.5572780346606,120.0,2022-08-04T07:11:43.020,59794,45838.791638287,2459795.805902834,-6.895357934077452,1.17,ip,TIC_402828941.01-S001-R041-C001-ip.fit,1,0.00488787181994386,309.54223071486496,206.3614871432433,222.1286165013366,12.545437130073864,0.004821084682540561,-0.013663847961558258,-9.999999921332554e-07,-0.030546259884532485,9.999999999999828e-07,19.344334518374325,12.623000144958496,-0.07499980926513672,0.0016236167450831708,7.3157668860729844e-06,221.93390937237868,28232519.63685487,5325.181968947596
1,2060.630100889138,2046.2241488523514,49416.588832855225,47032.34911683202,305.4585229482812,19.435814473357667,16.359077953680703,16.261138916015625,8.064380785157155,10.342084467627966,10.342084467627966,10.342084467627966,8.0,201.06192982974676,23.0,38.0,2874.5572780346606,120.0,2022-08-04T07:14:27.510,59794,46127.40104925292,2459795.8078066567,-6.9021724972564495,1.174,ip,TIC_402828941.01-S001-R042-C001-ip.fit,1,0.004868031317558892,310.22678234999375,206.81785489999584,223.03394004138204,12.538635621036084,0.004811428761147358,-0.011627401863124692,-9.99999999999464e-07,-0.02361817574374158,9.999999999999997e-07,19.358830060525424,12.623000144958496,-0.07499980926513672,0.0016316753819702711,7.322273894366573e-06,222.83725049203753,28269962.00283014,5326.744002073153
1,2064.18625139232,2045.6012016229,49946.09367752075,46114.601684403606,305.4584844911354,19.435833318909268,16.05102738754041,15.849711418151855,7.849637289393796,9.880785830540136,9.880785830540136,9.880785830540136,8.0,201.06192982974676,23.0,38.0,2874.5572780346606,120.0,2022-08-04T07:17:05.280,59794,46718.84313523176,2459795.809632702,-6.916005232817084,1.177,ip,TIC_402828941.01-S001-R043-C001-ip.fit,1,0.004826034812567124,311.49384491625807,207.66256327750537,224.97479756522142,12.557100925448061,0.004772795002482007,-0.011031791554109632,-9.99999999999419e-07,-0.030527917465105782,9.999999999999997e-07,19.3945684675555,12.623000144958496,-0.07499980926513672,0.001612595998961467,7.174111863054396e-06,224.77987934173365,28971201.196901955,5364.006124788286
1,2063.0293092118673,2043.7316637510344,49459.21390533447,44367.94212054834,305.45850663760973,19.435835143754275,15.426961794349213,15.189077854156494,7.820906962718004,10.010684966931588,10.010684966931588,10.010684966931588,8.0,201.06192982974676,23.0,38.0,2874.5572780346606,120.0,2022-08-04T07:19:55.399,59794,46357.43919555285,2459795.8116016756,-6.90757362588074,1.181,ip,TIC_402828941.01-S001-R044-C001-ip.fit,1,0.004844988891194294,310.29813258369035,206.86542172246024,224.09467377176276,12.557852411807932,0.004782677702344029,-0.012860955979386201,-9.999999999999409e-07,-0.02926946264781621,9.999999999999997e-07,19.374440542167797,12.623000144958496,-0.07499980926513672,0.0016089367698760033,7.185935420092097e-06,223.90081121204713,28812467.999675028,5351.518717954688
1,2062.020118316526,2049.8215654247633,50060.015769958496,45614.63631927967,305.4585047334905,19.43583203643218,15.893601504975495,15.717835903167725,8.142835815840671,9.912611950454753,9.912611950454753,9.912611950454753,8.0,201.06192982974676,23.0,38.0,2874.5572780346606,120.0,2022-08-04T07:22:44.579,59794,46864.417579423156,2459795.813559781,-6.9193830927211994,1.185,ip,TIC_402828941.01-S001-R045-C001-ip.fit,1,0.004815196151320271,311.76269445989107,207.84179630659403,225.48119970196927,12.5590344745443,0.004755997080482045,-0.012294217925472103,-9.999999999997094e-07,-0.031188593041135998,9.999999999999997e-07,19.391057897434596,12.623000144958496,-0.07499980926513672,0.0016098860195515512,7.145961275879006e-06,225.2861381974846,29110394.779673707,5373.599471161829
1,2063.6550542285927,2049.3851523349185,50114.87575721741,48544.95745322853,305.4585026084112,19.435808465983154,16.896956997295,16.73516845703125,8.136035051017238,10.116813687774561,10.116813687774561,10.116813687774561,8.0,201.06192982974676,23.0,38.0,2874.5572780346606,120.0,2022-08-04T07:25:28.309,59794,46717.54097509103,2459795.8154548076,-6.915974970464303,1.189,ip,TIC_402828941.01-S001-R046-C001-ip.fit,1,0.004832904813423801,311.92857106092515,207.95238070728342,224.65499464923784,12.548785775686058,0.004786900466672379,-0.009518984653627167,-9.99999969341459e-07,-0.023727748257650214,9.999999999999252e-07,19.3971959349779,12.623000144958496,-0.07499980926513672,0.001616528580581775,7.201870344800244e-06,224.45955053174623,28899916.485409606,5369.480658143822
1,2055.792548297588,2046.3019011564948,47678.13988685608,46335.88855685666,305.45850897990283,19.43581344256202,16.111226897377144,16.07811450958252,7.967505331676702,10.328714542990674,10.328714542990674,10.328714542990674,8.0,201.06192982974676,23.0,38.0,2874.5572780346606,120.0,2022-08-04T07:28:12.618,59794,44438.78551494451,2459795.8173565357,-6.861680486085709,1.193,ip,TIC_402828941.01-S001-R047-C001-ip.fit,1,0.00498394434274082,305.9865269006301,203.9910179337534,217.84677563291592,12.550404484451132,0.004929880876139635,-0.010847526152640358,-9.999999999999184e-07,-0.024986859925420032,9.999999999999997e-07,19.335825779317723,12.623000144958496,-0.07499980926513672,0.001612817810222751,7.409887819428074e-06,217.65752053547754,27553506.188530333,5275.602574914814
1,2057.7842148535606,2046.04308759934,48877.84073257446,45193.201164403,305.458509959855,19.43581453112975,15.709917873831701,15.493464469909668,7.913114929945082,10.058490282239047,10.058490282239047,10.058490282239047,8.0,201.06192982974676,23.0,38.0,2874.5572780346606,120.0,2022-08-04T07:30:45.649,59794,45719.17432739503,2459795.819127731,-6.892520978981897,1.197,ip,TIC_402828941.01-S001-R048-C001-ip.fit,1,0.004890482952675867,308.8994015703955,205.93293438026367,222.01001731453346,12.547471071718341,0.004834404820586508,-0.011466788174504293,-9.999999850957522e-07,-0.024017132073571434,9.99999999999983e-07,19.359203193444486,12.623000144958496,-0.07499980926513672,0.0016164500206999309,7.287322897388453e-06,221.8167142393561,28283691.881545708,5319.800776792289
1,2062.1214499272455,2047.1795774071504,48730.80833053589,46638.96024094522,305.45848867928476,19.4358244641848,16.227891524337238,15.979381561279297,8.059143457482733,10.27742905168869,10.27742905168869,10.27742905168869,8.0,201.06192982974676,23.0,38.0,2874.5572780346606,120.0,2022-08-04T07:33:23.489,59794,45467.99714358486,2459795.820954586,-6.88653959261798,1.201,ip,TIC_402828941.01-S001-R049-C001-ip.fit,1,0.004912094766460071,308.55991047626253,205.706606984175,221.0332366576962,12.548377194906676,0.004864632542373456,-0.00966231849000331,-9.999999933372593e-07,-0.02374491389004704,9.99999999999961e-07,19.366643403404897,12.623000144958496,-0.07499980926513672,0.0016208122580661653,7.3393093716047955e-06,220.83988778793807,28052599.50207555,5311.994579207145
1,2059.9531295548422,2045.0052464313085,48223.07534790039,43081.15237338841,305.45849673572326,19.43582449423495,15.042301806350702,14.94673776626587,8.031610042738544,10.032691183310266,10.032691183310266,10.032691183310266,8.0,201.06192982974676,23.0,38.0,2874.5572780346606,120.0,2022-08-04T07:36:02.459,59794,45198.64111763403,2459795.82279452,-6.880088477735299,1.206,ip,TIC_402828941.01-S001-R050-C001-ip.fit,1,0.004920912929428425,307.2826204616994,204.85508030779962,220.63715017329326,12.560674097100534,0.004884314751398485,-0.0074372740495107495,-9.99999967664397e-07,-0.01711280680160854,9.999999999999678e-07,19.388357344063103,12.623000144958496,-0.07499980926513672,0.0015955508727593956,7.237751766638994e-06,220.4484105290508,28327922.280200373,5314.00669941582
1,2061.6449722191956,2045.226459965123,49789.386615753174,43133.51274137944,305.458502271252,19.43581474111305,15.013405061392078,14.774208068847656,7.943153965334973,9.819105739690755,9.819105739690755,9.819105739690755,8.0,201.06192982974676,23.0,38.0,2874.5572780346606,120.0,2022-08-04T07:38:40.478,59794,46770.762420793995,2459795.8246234464,-6.917211156267503,1.211,ip,TIC_402828941.01-S001-R051-C001-ip.fit,1,0.0048142902720679165,311.08112472812155,207.38741648541438,225.5236272933821,12.548771246459221,0.00477402285482177,-0.008364144031732891,-9.999999999994466e-07,-0.023572859313986883,9.999999999999997e-07,19.406405734591626,12.623000144958496,-0.07499980926513672,0.0016217930856101796,7.19752396899547e-06,225.3265279277044,28838920.843713596,5349.7483975419855
1,2056.74252901725,2043.2698823660435,49862.61604499817,45978.031266728416,305.4585041260478,19.43582115476122,15.997923196495622,15.783555030822754,7.9562597668433686,9.969738304489274,9.969738304489274,9.969738304489274,8.0,201.06192982974676,23.0,38.0,2874.5572780346606,120.0,2022-08-04T07:41:23.899,59794,46646.04273384269,2459795.8265148965,-6.914312047059026,1.215,ip,TIC_402828941.01-S001-R052-C001-ip.fit,1,0.0048304189784739,311.29098724159013,207.52732482772674,224.7706068228107,12.545039319987309,0.00478352270475718,-0.00970853127352048,-9.999999999997406e-07,-0.024240041176003993,9.999999999999997e-07,19.39045335591237,12.623000144958496,-0.07499980926513672,0.0016234328502602545,7.22894625298356e-06,224.57392729821785,28732967.135884188,5351.196892016921
1,2061.626870339981,2042.9712291376102,48937.202045440674,44856.488246403635,305.4585157611327,19.43583226847885,15.575169530001261,15.364979267120361,8.234054665825864,10.07748457067011,10.07748457067011,10.07748457067011,8.0,201.06192982974676,23.0,38.0,2874.5572780346606,120.0,2022-08-04T07:44:02.100,59794,45805.62840231315,2459795.8283459297,-6.8945721464098675,1.22,ip,TIC_402828941.01-S001-R053-C001-ip.fit,1,0.004883456913069231,309.0388968083962,206.02593120559746,222.3294326800192,12.548401295715134,0.004851876885535274,-0.006466736186294867,-9.999999999996493e-07,-0.013216854344637005,9.999999999999997e-07,19.39744433087271,12.623000144958496,-0.07499980926513672,0.0016149870428145642,7.270258850352344e-06,222.13611317790918,28362845.761588342,5323.417884973657
1,2056.7589646764523,2049.226468774064,49557.496196746826,46697.98012179928,305.45850189347476,19.435807504715775,16.220208448002527,15.989324569702148,8.05128672536836,10.187617098585065,10.187617098585065,10.187617098585065,8.0,201.06192982974676,23.0,38.0,2874.5572780346606,120.0,2022-08-04T07:46:51.329,59794,46296.22978395068,2459795.830304602,-6.906139094800681,1.226,ip,TIC_402828941.01-S001-R054-C001-ip.fit,1,0.004855528403659311,310.5625348907529,207.0416899271686,223.60824914168924,12.533885758492152,0.004806302440770316,-0.010138126851836873,-9.99999999998537e-07,-0.02394041386299614,9.999999999999997e-07,19.368261701748033,12.623000144958496,-0.07499980926513672,0.0016398309942419413,7.3400112250788e-06,223.40987553794056,28232317.809892617,5321.828244838021
1,2057.9865014103825,2048.286960097993,49273.29835510254,45456.89053745917,305.45850360727684,19.435822909851254,15.80559476267704,15.594656467437744,8.030841524751548,10.087389650336792,10.087389650336792,10.087389650336792,8.0,201.06192982974676,23.0,38.0,2874.5572780346606,120.0,2022-08-04T07:49:30.140,59794,46095.39497001175,2459795.832142696,-6.901418884008974,1.231,ip,TIC_402828941.01-S001-R055-C001-ip.fit,1,0.004865672833964519,309.8613319380617,206.57422129204113,223.1420488079444,12.54169126810965,0.004823601464900633,-0.008646567597025673,-9.999999999998714e-07,-0.024183175605185563,9.999999999999997e-07,19.381670457579283,12.623000144958496,-0.07499980926513672,0.0016320394382114362,7.320360392063253e-06,222.94523094530922,28244044.776594386,5319.728446483747
1,2061.3100621506,2049.033251999139,50732.025550842285,47030.02170426026,305.4584909143052,19.435822542049458,16.324200522131296,16.2054386138916,8.040463598704724,9.862361769627285,9.862361769627285,9.862361769627285,8.0,201.06192982974676,23.0,38.0,2874.5572780346606,120.0,2022-08-04T07:52:08.900,59794,47449.85029093481,2459795.833980199,-6.932862148826551,1.236,ip,TIC_402828941.01-S001-R056-C001-ip.fit,1,0.00478060510279943,313.3896549409697,208.92643662731314,227.11271515905253,12.540287792468451,0.004721541908183651,-0.0123547528703412,-9.99999999998798e-07,-0.02832011229801617,9.999999999999997e-07,19.385420198580043,12.623000144958496,-0.07499980926513672,0.0016356522718046522,7.208303201664896e-06,226.9122463420888,29009741.929182976,5370.41391751193
1,2062.2381098078145,2048.213687824166,49722.272439956665,47318.8493645899,305.45848881864214,19.435821102334465,16.44157378894715,16.327219009399414,7.9225753493820585,10.025983800287573,10.025983800287573,10.025983800287573,8.0,201.06192982974676,23.0,38.0,2874.5572780346606,120.0,2022-08-04T07:54:46.520,59794,46416.49788451277,2459795.8358045076,-6.908955957330481,1.242,ip,TIC_402828941.01-S001-R057-C001-ip.fit,1,0.004849265904712598,310.96771882199357,207.31181254799571,223.89702407221333,12.55096491042211,0.00480296810544297,-0.009547383084238699,-9.999999746585119e-07,-0.022367422265102847,9.999999999999815e-07,19.39232859420754,12.623000144958496,-0.07499980926513672,0.0016169481250732102,7.228130280461582e-06,223.70212798239066,28706238.106687054,5353.083734841031
1,2059.1672124539473,2045.6887808623464,49163.61727142334,49669.068424141034,305.45849527808525,19.435839471234342,17.240218127088177,16.9887752532959,8.063609577656877,10.190766654948398,10.190766654948398,10.190766654948398,8.0,201.06192982974676,23.0,38.0,2874.5572780346606,120.0,2022-08-04T07:57:25.309,59794,45697.26574410521,2459795.837642346,-6.892000570562809,1.248,ip,TIC_402828941.01-S001-R058-C001-ip.fit,1,0.004904631416395731,309.64461373735276,206.4297424915685,221.36958169180335,12.558107033400761,0.004851544423469356,-0.01082384962688737,-9.999999999992776e-07,-0.033803806480824,9.999999999999997e-07,19.373021841297362,12.623000144958496,-0.07499980926513672,0.0016157055240460677,7.30503573749589e-06,221.176949998046,28283164.886179015,5333.515216414269
1,2059.288064193539,2044.2327320850252,50478.733322143555,48687.10573990247,305.4584887100563,19.435825047242503,16.934645474748685,16.82997703552246,8.056866436116298,9.98490384111794,9.98490384111794,9.98490384111794,8.0,201.06192982974676,23.0,38.0,2874.5572780346606,120.0,2022-08-04T08:00:03.330,59794,47073.820822008,2459795.839471296,-6.924223657380021,1.254,ip,TIC_402828941.01-S001-R059-C001-ip.fit,1,0.004809779666872836,312.8034763725723,208.5356509150482,225.73512306145005,12.53766496260943,0.004771270959025888,-0.008006335115966788,-9.999999640113179e-07,-0.02227471176089893,9.999999999999108e-07,19.404828305000528,12.623000144958496,-0.07499980926513672,0.001637387097105626,7.26000741515743e-06,225.5351824692482,28749353.714353424,5363.935096745788
1,2061.949826046589,2044.3404429742473,49456.78377914429,46902.89365001768,305.45850283605995,19.435818107821703,16.244604092842067,16.187402725219727,8.0783950755538,10.073199485292339,10.073199485292339,10.073199485292339,8.0,201.06192982974676,23.0,38.0,2874.5572780346606,120.0,2022-08-04T08:02:41.978,59794,46190.61233091726,2459795.8413075027,-6.903659331412962,1.26,ip,TIC_402828941.01-S001-R060-C001-ip.fit,1,0.004862831032112101,310.32005104091235,206.8800340272749,223.27245134166753,12.534378300921615,0.004818985885794793,-0.009016382849367576,-9.999999952337509e-07,-0.023378286976281505,9.9999999999998e-07,19.37408588460996,12.623000144958496,-0.07499980926513672,0.0016418482388058646,7.360101398138807e-06,223.07413308477635,28133301.9941674,5314.39474272834
1,2061.9184278927955,2048.3147971448348,48308.285499572754,44971.85287409136,305.4584981054569,19.43581514495682,15.620650529382202,15.607189178466797,7.859178844766577,10.20759435425155,10.20759435425155,10.20759435425155,8.0,201.06192982974676,23.0,38.0,2874.5572780346606,120.0,2022-08-04T08:05:26.329,59794,45167.567358939115,2459795.8432097165,-6.879341784768282,1.266,ip,TIC_402828941.01-S001-R061-C001-ip.fit,1,0.00492794802104891,307.5103646130287,205.00690974201913,220.3221706808713,12.536568460879515,0.004877274211623969,-0.01028294316589695,-9.999999999993941e-07,-0.02538529029666356,9.999999999999997e-07,19.343313792862006,12.623000144958496,-0.07499980926513672,0.0016384372784467812,7.443153668785695e-06,220.1267569307194,27567468.070402686,5273.4056639057835
1,2059.577607527833,2046.3431959652667,49938.57220077515,44623.66288580373,305.4585149768752,19.43581355013203,15.532078971738159,15.560624122619629,8.177300654926748,9.86576657401392,9.86576657401392,9.86576657401392,8.0,201.06192982974676,23.0,38.0,2874.5572780346606,120.0,2022-08-04T08:08:05.349,59794,46815.66242844945,2459795.8450502288,-6.918252964793139,1.273,ip,TIC_402828941.01-S001-R062-C001-ip.fit,1,0.004815502391952378,311.45816087762324,207.6387739184155,225.4668602832535,12.534820883328793,0.004756955799266127,-0.012157940734095396,-9.999999999997484e-07,-0.0333123148689249,9.999999999999997e-07,19.366511578030206,12.623000144958496,-0.07499980926513672,0.0016456909824129552,7.305535882206782e-06,225.26629243190325,28447419.915862393,5325.426162549265
1,2063.1925453976764,2046.417442184899,49426.81513786316,44259.59307669476,305.45849259652204,19.43581507417467,15.396219232276948,15.367273330688477,8.134910907157193,9.867234722772153,9.867234722772153,9.867234722772153,8.0,201.06192982974676,23.0,38.0,2874.5572780346606,120.0,2022-08-04T08:10:49.060,59794,46331.2215869397,2459795.846945035,-6.9069594103468805,1.279,ip,TIC_402828941.01-S001-R063-C001-ip.fit,1,0.004846490653604437,310.21876864350224,206.8125124290015,224.02523446372788,12.553387894876954,0.004797892251642432,-0.010027544760838726,-9.999999764159305e-07,-0.023456302132809786,9.999999999999976e-07,19.38937594286904,12.623000144958496,-0.07499980926513672,0.00161298650156308,7.206270331331518e-06,223.8309732220447,28723874.342433732,5343.038135330675
1,2065.9814898394434,2045.0749021399397,48428.97260475159,44884.52408322692,305.4585039810133,19.43582318382027,15.661034223038003,15.43285322189331,8.216275655098263,10.274415325471793,10.274415325471793,10.274415325471793,8.0,201.06192982974676,23.0,38.0,2874.5572780346606,120.0,2022-08-04T08:13:28.030,59794,45280.134840737854,2459795.8487849683,-6.882044311213899,1.286,ip,TIC_402828941.01-S001-R064-C001-ip.fit,1,0.004920422201820254,307.805956565363,205.2039710435753,220.6591549396603,12.53525744903061,0.00486447213326297,-0.011370989370909301,-9.99999990733292e-07,-0.02712728417852746,9.999999999999356e-07,19.33705892322059,12.623000144958496,-0.07499980926513672,0.0016414168251773656,7.445321680383025e-06,220.46284843570692,27586006.275916565,5276.891573887191
1,2063.058890745017,2047.9888263774885,50102.442041397095,43965.581097138114,305.45850260296737,19.4358215197061,15.345752564446114,15.425498962402344,7.953480597617351,9.733174482608717,9.733174482608717,9.733174482608717,8.0,201.06192982974676,23.0,38.0,2874.5572780346606,120.0,2022-08-04T08:16:11.630,59794,47016.99541609977,2459795.85067849,-6.922912213595969,1.293,ip,TIC_402828941.01-S001-R065-C001-ip.fit,1,0.004800855806592834,311.84621238443174,207.8974749229545,226.15472089559518,12.53115939839821,0.004732929246941356,-0.01414884395365457,-9.999999907829584e-07,-0.030804108410420042,9.999999999999532e-07,19.353858026125906,12.623000144958496,-0.07499980926513672,0.0016488673255816559,7.297393553246435e-06,225.9529123036148,28514723.220386464,5330.111635896225
1,2058.6536299854747,2045.0623516332012,50639.18231391907,46351.34179167077,305.4585093501563,19.435818799388556,16.094215899885683,15.807933330535889,8.089192461068144,9.797313787386493,9.797313787386493,9.797313787386493,8.0,201.06192982974676,23.0,38.0,2874.5572780346606,120.0,2022-08-04T08:18:49.740,59794,47403.248205991455,2459795.8525084695,-6.931795287000988,1.301,ip,TIC_402828941.01-S001-R066-C001-ip.fit,1,0.004781792679752476,313.1596389031251,208.77309260208338,227.05631082613183,12.541687311952689,0.004742469080802623,-0.00822361017790677,-9.999999999990818e-07,-0.023128217117160767,9.999999999999997e-07,19.414791648913727,12.623000144958496,-0.07499980926513672,0.001630761222046121,7.188515525127411e-06,226.8564651972727,29068172.314346828,5374.852098821759
1,2059.9760239903158,2044.729535048418,50498.03755569458,45843.00122656673,305.45849961718056,19.435826656551722,15.939847436219308,16.01033592224121,8.138045027551847,9.807215620011982,9.807215620011982,9.807215620011982,8.0,201.06192982974676,23.0,38.0,2874.5572780346606,120.0,2022-08-04T08:21:27.469,59794,47293.14106897658,2459795.8543340396,-6.929270431304819,1.308,ip,TIC_402828941.01-S001-R067-C001-ip.fit,1,0.004787669488789617,312.8162174415503,208.54414496103354,226.77760182532725,12.54797461764511,0.004726832509445676,-0.012707013190110786,-9.999999999995358e-07,-0.03327733270415047,9.999999999999997e-07,19.38674693371952,12.623000144958496,-0.07499980926513672,0.001629214752158221,7.190509473808614e-06,226.57848628009262,29028181.218177255,5367.515485553205
1,2061.86105841615,2044.127214869549,50055.938886642456,46329.91892777197,305.45851427415397,19.435819694055255,16.137206174772544,15.984373092651367,8.137109830800894,9.929360328220696,9.929360328220696,9.929360328220696,8.0,201.06192982974676,23.0,38.0,2874.5572780346606,120.0,2022-08-04T08:24:07.769,59794,46811.36107108218,2459795.8561893664,-6.918153204291267,1.316,ip,TIC_402828941.01-S001-R068-C001-ip.fit,1,0.0048206295318720845,311.76112839451554,207.84075226301036,225.22705754954703,12.552144467104563,0.004772032540580525,-0.010081046670410114,-9.99999999998108e-07,-0.02396702941504501,9.999999999999997e-07,19.398805778638078,12.623000144958496,-0.07499980926513672,0.0016153156452682995,7.178179253981376e-06,225.03138861743597,28979698.92646396,5366.882381359872
1,2055.697339040186,2046.0842868468776,49816.64192581177,44670.70774981566,305.45850716115166,19.435811352955085,15.526836200839645,15.376490592956543,7.971138443864626,9.850372769957229,9.850372769957229,9.850372769957229,8.0,201.06192982974676,23.0,38.0,2874.5572780346606,120.0,2022-08-04T08:26:52.140,59794,46694.786275120576,2459795.8580918116,-6.915446012396299,1.324,ip,TIC_402828941.01-S001-R069-C001-ip.fit,1,0.004823411784500812,311.1642331124484,207.44282207496562,225.09714150652093,12.536652932505486,0.004779255359492968,-0.009154604039765642,-9.999999999998297e-07,-0.020626210708951397,9.999999999999997e-07,19.387291630714635,12.623000144958496,-0.07499980926513672,0.0016369770847009836,7.278743307308613e-06,224.89831219316235,28525009.12292857,5329.83648303457
1,2058.2901321825907,2045.9716676718417,49649.10172843933,45858.27249906398,305.4584949363141,19.435826516165513,15.928542028156993,15.9053373336792,8.258709393447619,9.749092244175348,9.749092244175348,9.749092244175348,8.0,201.06192982974676,23.0,38.0,2874.5572780346606,120.0,2022-08-04T08:29:24.940,59794,46446.47832888386,2459795.8598603327,-6.909657008628784,1.332,ip,TIC_402828941.01-S001-R070-C001-ip.fit,1,0.004843113464134812,310.7737821401975,207.18252142679833,224.18145125863967,12.54126269780366,0.004787472794136238,-0.011488615827528286,-9.999999841674157e-07,-0.031585710009096477,9.999999999998835e-07,19.36921612718206,12.623000144958496,-0.07499980926513672,0.0016377390904839355,7.311880142433124e-06,223.98330642479,28360120.72909574,5322.344422539947
1,2059.2971950956953,2045.9105155950763,50043.26064300537,44469.13994878158,305.4584953996063,19.435826044699603,15.456774399993597,15.241653442382812,8.042320689506292,9.805890510855093,9.805890510855093,9.805890510855093,8.0,201.06192982974676,23.0,38.0,2874.5572780346606,120.0,2022-08-04T08:32:01.490,59794,46935.49175319963,2459795.8616722566,-6.921028463575177,1.34,ip,TIC_402828941.01-S001-R071-C001-ip.fit,1,0.004807054929625495,311.70760351490964,207.80506900993976,225.86307435529693,12.53020650024882,0.004748719922387896,-0.012135290337142791,-9.999999999998731e-07,-0.029473755934689972,9.999999999999997e-07,19.365083642968255,12.623000144958496,-0.07499980926513672,0.001653158390372597,7.3258517466330814e-06,225.6609125529163,28391406.429374915,5322.005209258964
1,2062.2414526729767,2046.1015267547716,50100.31498527527,41324.494510347955,305.4584944436385,19.435817213698687,14.332577432278383,14.048145294189453,7.903818118868223,9.356464839847003,9.356464839847003,9.356464839847003,8.0,201.06192982974676,23.0,38.0,2874.5572780346606,120.0,2022-08-04T08:34:45.329,59794,47218.5793073071,2459795.8635685444,-6.927557322695478,1.348,ip,TIC_402828941.01-S001-R072-C001-ip.fit,1,0.004779756397454421,311.8068258433135,207.87121722887568,227.15304185339568,12.53824056086713,0.004739455309362168,-0.008431619677044033,-9.999999637975382e-07,-0.022516040772464923,9.999999999999483e-07,19.40574664157813,12.623000144958496,-0.07499980926513672,0.0016362178667356968,7.2095166414360906e-06,226.95250571053157,28858369.210641593,5341.865868867008
1,2062.022990040741,2044.3563854674496,48438.70485877991,42120.91755275056,305.4585048677997,19.435819472062438,14.625318594705055,14.671207904815674,8.109720437086448,9.71450944713863,9.71450944713863,9.71450944713863,8.0,201.06192982974676,23.0,38.0,2874.5572780346606,120.0,2022-08-04T08:37:24.088,59794,45498.11007775363,2459795.8654060354,-6.887258425270085,1.357,ip,TIC_402828941.01-S001-R073-C001-ip.fit,1,0.004896661767912039,307.79417933749795,205.19611955833196,221.72987567057615,12.532009009174361,0.004849380665712547,-0.009655782743526605,-9.999999999992709e-07,-0.02283484145692024,9.999999999999997e-07,19.351100383361945,12.623000144958496,-0.07499980926513672,0.0016451500112160719,7.426226703314551e-06,221.5324251388382,27655903.575700104,5267.273738403999
1,2057.873020529672,2048.7500881459587,48478.71676826477,40066.803186845034,305.4585103360375,19.435833136424385,13.931433653284087,13.821499824523926,7.952732115850126,9.832301993820044,9.832301993820044,9.832301993820044,8.0,201.06192982974676,23.0,38.0,2874.5572780346606,120.0,2022-08-04T08:40:07.458,59794,45677.63583264039,2459795.867296895,-6.891534076907907,1.366,ip,TIC_402828941.01-S001-R074-C001-ip.fit,1,0.004878584563791299,307.86788916687146,205.24525944458097,222.55147795495844,12.537223457673587,0.004814488958911516,-0.013138155963411799,-9.999999918107647e-07,-0.03029351016456722,9.99999999999961e-07,19.33599096514724,12.623000144958496,-0.07499980926513672,0.001644447854692479,7.395647615076153e-06,222.35346250681877,27776883.105352324,5268.564271417671
1,2060.658194165318,2049.217211405684,46413.70188713074,40980.22509321757,305.45851192421026,19.43581420431206,14.249035150631977,14.023757934570312,7.956814234652765,10.355271927612788,10.355271927612788,10.355271927612788,8.0,201.06192982974676,23.0,38.0,2874.5572780346606,120.0,2022-08-04T08:42:45.320,59794,43548.76338153278,2459795.869124004,-6.839714600557782,1.376,ip,TIC_402828941.01-S001-R075-C001-ip.fit,1,0.005032948862580152,302.80656312072267,201.87104208048177,215.72565798798817,12.532182315560023,0.0049700420956813,-0.01249898789287577,-9.999999999998577e-07,-0.023377079196235936,9.999999999999997e-07,19.28470090575872,12.623000144958496,-0.07499980926513672,0.0016421106119113486,7.6188140624795945e-06,215.53362484566432,26519993.88204661,5190.5563082845
1,2057.1903619897816,2046.217704721352,46523.19190979004,39488.30262608826,305.45848683157527,19.43582575636447,13.730286031324152,13.404515743255615,7.8643701387573675,10.08972706659244,10.08972706659244,10.08972706659244,8.0,201.06192982974676,23.0,38.0,2874.5572780346606,120.0,2022-08-04T08:45:24.329,59794,43762.55410321759,2459795.8709643884,-6.8450316842387435,1.385,ip,TIC_402828941.01-S001-R076-C001-ip.fit,1,0.005012546469001153,303.05957612128526,202.03971741419016,216.60371863173052,12.541335631121225,0.004951190973061137,-0.012240384467147213,-9.999999950511297e-07,-0.02553749828778052,9.999999999999623e-07,19.300713037205934,12.623000144958496,-0.07499980926513672,0.0016315202307948227,7.538931647846684e-06,216.41265725772,26823175.880508646,5204.75438982714
1,2055.7784268400887,2044.7907741602855,48002.44864273071,38501.112097065896,305.4585017738047,19.435824055944344,13.382381681288111,13.136857986450195,7.956769645616752,9.760803839071626,9.760803839071626,9.760803839071626,8.0,201.06192982974676,23.0,38.0,2874.5572780346606,120.0,2022-08-04T08:48:03.330,59794,45311.76115617267,2459795.8728046804,-6.882802388671221,1.395,ip,TIC_402828941.01-S001-R077-C001-ip.fit,1,0.004899106472469959,306.68657083128926,204.45771388752618,221.619230180276,12.532012989204022,0.004858177682004855,-0.008354337815497416,-9.999999789117061e-07,-0.012875801989071466,9.999999999999853e-07,19.356395806272456,12.623000144958496,-0.07499980926513672,0.0016380050281152817,7.397624970747022e-06,221.42309654687372,27662772.93318764,5254.894440786903
1,2060.2871161565,2045.2215408833058,46526.829248428345,39245.1652691327,305.45848366808565,19.43582000708545,13.645745921117074,13.394677639007568,7.887809372856514,10.145040988518343,10.145040988518343,10.145040988518343,8.0,201.06192982974676,23.0,38.0,2874.5572780346606,120.0,2022-08-04T08:50:35.270,59794,43783.189239562154,2459795.874563248,-6.845543515292518,1.404,ip,TIC_402828941.01-S001-R078-C001-ip.fit,1,0.005010284212915442,303.0656353189413,202.0437568792942,216.70152008566782,12.529775270365427,0.004946154733487145,-0.012799569186710978,-9.9999999999991e-07,-0.024784486056054236,9.999999999999997e-07,19.285886801921833,12.623000144958496,-0.07499980926513672,0.0016469376412298815,7.6068238631398735e-06,216.50792378805968,26584606.571300562,5189.099113562429
1,2063.502841674909,2045.251465378266,47230.86776161194,37825.40528602153,305.4585143926397,19.435812676270274,13.19337470736712,13.068964958190918,7.8276114896014555,9.713884012666451,9.713884012666451,9.713884012666451,8.0,201.06192982974676,23.0,38.0,2874.5572780346606,120.0,2022-08-04T08:53:14.400,59794,44578.18238198174,2459795.876405033,-6.865080924286682,1.415,ip,TIC_402828941.01-S001-R079-C001-ip.fit,1,0.004948887276727027,304.7872935348135,203.191529023209,219.38996471102843,12.5328027289673,0.004893063619729556,-0.011280042133913596,-9.999999913375986e-07,-0.022907200292304215,9.99999999999974e-07,19.318774339219747,12.623000144958496,-0.07499980926513672,0.00163803823152018,7.4729514101191775e-06,219.19562186662964,27214372.365784764,5224.697419896782
1,2058.5364221224277,2042.6561439194095,48193.030851364136,37917.64088969678,305.4585149672639,19.43583405070651,13.197925823075801,12.840747833251953,7.775146174116961,9.670970726459462,9.670970726459462,9.670970726459462,8.0,201.06192982974676,23.0,38.0,2874.5572780346606,120.0,2022-08-04T08:55:53.340,59794,45539.430415626666,2459795.878244619,-6.888244018458548,1.425,ip,TIC_402828941.01-S001-R080-C001-ip.fit,1,0.004881915528153584,307.1459505524882,204.76396703499213,222.3996295590641,12.530003178091082,0.004822891607719289,-0.012090319894702977,-9.999999999990644e-07,-0.028569392530378827,9.999999999999997e-07,19.332870866164686,12.623000144958496,-0.07499980926513672,0.0016536596211811224,7.442202433183801e-06,222.20030105707306,27538575.552265245,5246.046872176072
1,2054.864162134041,2047.3013048173027,47796.090269088745,38517.93258814514,305.45850581206804,19.43581872879155,13.383576298869054,13.140666007995605,8.059745896265145,9.52037769171308,9.52037769171308,9.52037769171308,8.0,201.06192982974676,23.0,38.0,2874.5572780346606,120.0,2022-08-04T08:58:36.820,59794,45105.162590414475,2459795.880136751,-6.877840664167016,1.436,ip,TIC_402828941.01-S001-R081-C001-ip.fit,1,0.004913441875719915,306.1815480532371,204.12103203549142,220.9726363845341,12.537532574225763,0.004860407608923048,-0.010793710018009854,-9.99999999999359e-07,-0.021591071773544888,9.999999999999997e-07,19.339563793597343,12.623000144958496,-0.07499980926513672,0.0016330784198326208,7.396926598061151e-06,220.77796746836393,27619716.262638167,5250.030979734523
1,2057.1873864740483,2047.9846082539502,47042.955240249634,39605.98509125889,305.4584989471917,19.435831026915082,13.799994805316686,13.892614364624023,8.172565392545648,9.980411127233987,9.980411127233987,9.980411127233987,8.0,201.06192982974676,23.0,38.0,2874.5572780346606,120.0,2022-08-04T09:01:08.890,59794,44268.30165305218,2459795.881896823,-6.857507184154846,1.447,ip,TIC_402828941.01-S001-R082-C001-ip.fit,1,0.004976307125267561,304.3455637636823,202.89704250912155,218.18110853469943,12.528462970048691,0.004920365964521402,-0.011241500843489648,-9.999999999995589e-07,-0.025616706429504612,9.999999999999997e-07,19.307007253031855,12.623000144958496,-0.07499980926513672,0.0016499182069397724,7.568922509591579e-06,217.98587643735866,26830603.763782892,5205.793659300783
1,2058.3105307391384,2047.8796321675286,46699.65884399414,40831.521225288045,305.45849294025123,19.435839753001417,14.173052426242277,14.054933547973633,8.017630556152616,9.990130005860776,9.990130005860776,9.990130005860776,8.0,201.06192982974676,23.0,38.0,2874.5572780346606,120.0,2022-08-04T09:03:47.329,59794,43849.9975715957,2459795.8837306104,-6.847198966647432,1.458,ip,TIC_402828941.01-S001-R083-C001-ip.fit,1,0.0050100082598017095,303.5113626324813,202.34090842165418,216.71345608579338,12.542190096877864,0.004941166804120806,-0.013740786863219353,-9.999999999998134e-07,-0.03172950517367231,9.999999999999997e-07,19.29297033359533,12.623000144958496,-0.07499980926513672,0.0016319353521899165,7.537031897921266e-06,216.52228281533593,26869935.449803684,5211.393541549123
1,2056.9997314703405,2045.662528082953,48589.673723220825,44342.833926972875,305.4584979676443,19.435837998391293,15.40751700033804,15.270733833312988,8.004235901358593,9.719905330553466,9.719905330553466,9.719905330553466,8.0,201.06192982974676,23.0,38.0,2874.5572780346606,120.0,2022-08-04T09:06:26.230,59794,45491.80862124823,2459795.8855697447,-6.88710804114887,1.47,ip,TIC_402828941.01-S001-R084-C001-ip.fit,1,0.004903615641934109,308.18859586849527,205.45906391233018,221.4154379709414,12.540058334280733,0.0048454374095479764,-0.01186435410814248,-9.999999999994407e-07,-0.028389017361557578,9.999999999999997e-07,19.343373542436943,12.623000144958496,-0.07499980926513672,0.0016388923547028212,7.408458246840028e-06,221.21908501028096,27757655.034944143,5283.1586545543105
